id,question
1590140,How do mental conditions affect daily life and relationships?
1590140,What is the range of severity for mental illnesses?
1590140,What serious disorders require hospital care?
1590140,How are mental illnesses similar to physical health conditions?
1590140,What treatments are effective for managing mental health issues?
2110618,How many adults in America are affected by mental illness?
2110618,Can you explain how mental illness impacts different groups of people?
2110618,What age groups are particularly vulnerable to mental health issues?
2110618,Why is it challenging to identify mental health conditions in young people?
2110618,What signs should parents look for to detect mental health concerns in their children?
6361820,How common is mental illness among adults in America?
6361820,Can mental illness affect people from all backgrounds?
6361820,Why are young people particularly vulnerable to mental health conditions?
6361820,What should parents look for in their children's behavior?
6361820,What are serious emotional disturbances in children under 18?
9434130,How can I identify if I might have a mental health disorder?
9434130,What specific symptoms should I look out for in adults?
9434130,What are some signs of mental health issues in children?
9434130,When should I seek help for mental health concerns?
9434130,Are there particular behaviors that indicate someone may be struggling mentally?
7657263,What role does early identification play in recovery?
7657263,What treatments are available for mental illness?
7657263,How can I be proactive in my recovery process?
7657263,Is it common for symptoms to return after treatment?
7657263,Can someone still lead a fulfilling life with mental illness?
1619387,How can I talk to someone about their mental health symptoms?
1619387,What steps should I take if I notice a friend struggling?
1619387,Why is it important for them to seek professional help?
1619387,How can I show support to someone with mental health issues?
1619387,What should I do if they don't want to talk about their feelings?
1030153,What are some resources to help me find a therapist?
1030153,How do I assess if a mental health professional is the right fit?
1030153,What factors should I consider when choosing a provider?
1030153,Are there specific directories for local mental health services?
1030153,How can I ensure my child feels comfortable with their therapist?
8022026,What types of medications can I explore for mental health?
8022026,How can I determine which treatment option is right for me?
8022026,Are there specific approaches for children dealing with mental illness?
8022026,What factors might influence the effectiveness of treatment?
8022026,Can you explain how different treatments can vary in their impact?
1155199,What should I expect during the treatment process?
1155199,How involved should my family be in my treatment?
1155199,What types of specialists might be involved in my care?
1155199,What additional tests might I need for my diagnosis?
1155199,How can I support my own treatment effectively?
7760466,What types of mental health professionals are available?
7760466,How do I know which provider is right for me?
7760466,What should I consider when researching professionals?
7760466,Are there specific areas of expertise among providers?
7760466,What educational backgrounds do these professionals have?
2553795,What steps should I take to find a suitable therapist for myself?
2553795,Are there specific qualities to look for in a mental health professional?
2553795,How do I determine if a therapist is the right fit for my child?
2553795,What resources are available to help in my search for a mental health professional?
2553795,How important is it to have a good rapport with my therapist?
1259439,What are the causes of this illness I am facing?
1259439,Are there other conditions that exhibit similar symptoms?
1259439,What tests do you recommend before starting treatment?
1259439,Should I seek a second opinion from another psychiatrist?
1259439,What will be the role of my family in this treatment process?
4197817,How do I know which resources are right for me?
4197817,Can you recommend specific types of professionals to talk to?
4197817,What kind of support can I expect from family and friends?
4197817,Are there services available specifically in Nebraska?
4197817,What are peer support groups and how can they help me?
3388962,What information can I get from my doctor about the new medication?
3388962,How will I know if the medication is working for me?
3388962,Are there any specific things I need to avoid while taking this medication?
3388962,What should I do if I experience side effects from the medication?
3388962,What happens if I forget to take a dose of my medication?
5343181,What should I consider before stopping medication if I feel better?
5343181,Can side effects of medication be managed effectively?
5343181,Why is it a concern if I stop medication without consulting my doctor?
5343181,What are withdrawal symptoms and how can they be avoided?
5343181,How can my doctor help if I'm struggling with side effects from my medication?
5778437,What programs can assist with medication costs?
5778437,Do I need a doctor's consent for assistance programs?
5778437,Are there requirements for qualifying for prescription help?
5778437,How do I prove my financial status for these programs?
5778437,Where can I find more information about prescription assistance?
9541219,What types of treatment might be suitable for me?
9541219,How do I choose the right therapist for my condition?
9541219,Are there therapists who specialize in specific mental health issues?
9541219,Can therapy be effective for children and teens?
9541219,What should I consider when looking for a therapist?
3268009,What are the different types of mental health treatments available?
3268009,How do I decide which treatment is right for me?
3268009,Can you explain what complementary and alternative treatments are?
3268009,What role do self-help plans play in mental health care?
3268009,How can peer support assist in mental health recovery?
3340726,What types of mental health experts can help me?
3340726,How can I find the right mental health professional?
3340726,Are there specific qualifications I should look for?
3340726,What factors should I consider when choosing a therapist?
3340726,Can you explain the roles of different mental health practitioners?
9539480,What types of organizations offer support groups for mental health?
9539480,Are there peer-led support groups available?
9539480,How can I find a mental health professional-led support group?
9539480,What is the role of family members in these support groups?
9539480,How can peer support contribute to my recovery process?
4211025,What types of situations warrant inpatient care?
4211025,How do I know if inpatient care is necessary for my situation?
4211025,What can I expect during a stay in inpatient care?
4211025,Are there specific programs or facilities for mental health inpatient care?
4211025,How do I get admitted to an inpatient care program?
4031860,What types of resources can assist me with finding a therapist?
4031860,How can I better understand mental health treatment options?
4031860,Are there specific local services I should consider for support?
4031860,What should I know about the treatment process before seeking help?
4031860,Can you recommend any websites or hotlines for mental health resources?
5215843,What are the potential risks of participating in a research study?
5215843,How can I find out more about new treatment approaches in mental health?
5215843,What should I consider before enrolling in a clinical trial?
5215843,Are clinical trials suitable for everyone seeking mental health treatment?
5215843,How do research studies evaluate the safety and effectiveness of new medications?
8927672,What is the purpose of a psychiatric advance directive?
8927672,How does a psychiatric advance directive differ from a medical advance directive?
8927672,What should I include in my psychiatric advance directive?
8927672,Can I change my psychiatric advance directive later?
8927672,Where can I find resources to help create this document?
7728364,How do beliefs influence mental health?
7728364,What role do feelings play in our mental well-being?
7728364,Can thoughts impact our behaviors significantly?
7728364,In what ways can I improve my mental health?
7728364,Are there specific indicators of good mental health?
4194958,How can I find the right support for my mental health?
4194958,What should I do if different approaches don’t seem to work?
4194958,How do I stay hopeful during tough times?
4194958,What if I feel stuck and can’t find help that works?
4194958,Is it common for support to take time to be effective?
1667863,What can I do to develop my wellbeing?
1667863,How can I build my resilience effectively?
1667863,What signs should I look for to seek help early?
1667863,Are there specific strategies for preventing serious mental health issues?
1667863,Can support from others really make a difference in mental health challenges?
8904276,What approaches can I take to address my mental health concerns?
8904276,How can talking or counselling assist with my issues?
8904276,What role does medication play in managing mental health?
8904276,In what ways can friendships contribute to better mental health?
8904276,How important are sleep and nutrition for mental wellness?
4283807,What are the psychological factors affecting mental health?
4283807,Can you explain the biological reasons for mental health issues?
4283807,How do social issues contribute to mental health challenges?
4283807,What types of life events can impact mental well-being?
4283807,Are there specific examples of each cause of mental health problems?
8690253,Who can I confide in about my concerns?
8690253,What kind of information should I seek regarding my situation?
8690253,How can I gain perspective on my experiences?
8690253,What steps should I take to start getting help?
8690253,Is it necessary to talk to a professional for my worries?
2973656,What signs should I look for to determine my mental health?
2973656,How can I tell if my thoughts are affecting my daily life?
2973656,What does it mean for my beliefs to impact my functioning?
2973656,When should I consider getting help for my feelings?
2973656,How do I assess if my behavior is considered normal?
4759773,How can I encourage someone to seek help?
4759773,What kind of support should I suggest to my friend?
4759773,Is there a specific way to approach them about this?
4759773,What if they resist my suggestions for help?
4759773,Should I talk to someone else about my concerns?
1511075,What should I consider when receiving advice from others?
1511075,How can I determine what works best for me?
1511075,What if I don't agree with the advice I'm given?
1511075,How can I handle unsolicited advice from others?
1511075,Is it okay to ignore advice that doesn't feel right for me?
7069853,What are the benefits of staying informed during a crisis?
7069853,How can keeping updated on news help my mental health?
7069853,Is it necessary to constantly follow the news?
7069853,What should I do if I feel overwhelmed by news updates?
7069853,How do I find reliable information about public health?
4181750,What are the signs of credible health information online?
4181750,How do I identify reliable sources for health claims?
4181750,What should I look for in a website to assess its trustworthiness?
4181750,Are there specific organizations I can trust for health information?
4181750,How can I differentiate between factual and sensationalized health news?
2554141,What aspects of my life should I focus on controlling?
2554141,How can I create a daily schedule to support my mental health?
2554141,What steps can I take if I start feeling overwhelmed or hopeless?
2554141,Are there specific resources available for learning problem-solving skills?
2554141,How can I find local support organizations during challenging times?
9100298,What are some effective ways to keep in touch with friends and family?
9100298,How can I find community support during this time?
9100298,What should I do if my social interactions don’t make me feel connected?
9100298,Are there any resources for free counseling support available?
9100298,How can I deal with feelings of loneliness during self-isolation?
2884887,What are some effective ways to maintain a balanced diet at home?
2884887,How can I safely get groceries if I'm self-isolating?
2884887,What outdoor activities can I safely do to improve my mental health?
2884887,What types of online exercise classes would you recommend?
2884887,How can I improve my sleep if I'm feeling stressed or anxious?
9250044,What low-energy activities can I do to distract myself when I'm feeling down?
9250044,How can I create a daily to-do list to help me manage my time?
9250044,What are some creative ways to stay socially connected during isolation?
9250044,How can helping others improve my own mental health?
9250044,What online resources are available for learning new skills or hobbies?
3597720,What strategies can I use to change my perspective on challenging situations?
3597720,How can I identify when my thoughts are unrealistic or overly negative?
3597720,What are some effective ways to challenge my negative thoughts?
3597720,How can I focus on the positive aspects of a difficult situation?
3597720,What steps can I take to feel more in control during stressful times?
7535002,What are some examples of thinking traps I might be experiencing?
7535002,How can I identify if I'm falling into distorted thinking patterns?
7535002,What strategies can I use to challenge negative thoughts effectively?
7535002,How can I gather evidence to support or disprove my negative thoughts?
7535002,What should I do if I feel overwhelmed by my emotions and thoughts?
4134858,What should I do to cope with various types of loss?
4134858,How can I express my feelings in a healthy way?
4134858,When will my grief start to feel manageable?
4134858,What actions can I take to support my well-being during grief?
4134858,How can I find professional help if I'm struggling?
9676742,What resources are available for finding a family doctor?
9676742,Is it possible to see a psychiatrist without a referral?
9676742,Where can I locate a registered psychologist in BC?
9676742,How do I find a clinical counsellor in my area?
9676742,What article can guide me in understanding different mental health services?
2612846,What steps do I need to take to get a referral for a psychiatrist?
2612846,Can I visit a walk-in clinic to get a referral for mental health care?
2612846,Are there options for self-referring to a mental health program?
2612846,How can I find my local mental health centre in BC?
2612846,What resources are available if I need assistance finding mental health services?
3166337,What steps do I need to take to find a psychologist?
3166337,Is it necessary to have a doctor's referral to see a psychologist?
3166337,Are the fees for seeing a psychologist typically covered by insurance?
3166337,What options are available if I cannot afford the full cost of therapy?
3166337,How can I access lower-cost counselling in my area?
7009409,What are the best resources for finding a counsellor?
7009409,Do I need a referral from my doctor to visit a counsellor?
7009409,Are counselling sessions typically covered by health insurance?
7009409,What should I do if I can't afford counselling costs?
7009409,Where can Indigenous individuals find specific counselling services?
9630578,What types of support groups are available for mental health issues?
9630578,How can I locate support groups offered by local organizations?
9630578,What should I do if my local branch doesn't have a support program?
9630578,What resources can I use to find online support?
9630578,How do I determine if a support group is right for me?
1585622,What should I do if my child wants to speak with someone?
1585622,How can I find a mental health office for children and youth nearby?
1585622,Are there online tools to locate mental health services for kids?
1585622,What support can I get for my teenager's mental health concerns?
1585622,Is there a specific resource for young adults aged 12 to 24?
1833460,What should I do if I'm worried about my mental health as an older adult?
1833460,Are there specific resources I can access for mental health support?
1833460,How can I find local mental health services in my area?
1833460,What steps should I take if I notice mental health issues in a loved one?
1833460,What kind of assistance is available for seniors facing mental health challenges?
6981545,What should I do before using self-help materials for my mood issues?
6981545,Can you suggest some specific self-help workbooks for depression?
6981545,Where can I access the Bounce Back program for additional support?
6981545,Are there resources specifically for new moms dealing with depression?
6981545,How can I find self-help books on depression from local sources?
2115228,How do I know if I should seek help for my low mood?
2115228,What types of self-help materials are available for managing anxiety?
2115228,Can I access self-help resources without talking to a doctor first?
2115228,Is there a program that offers guided self-help for anxiety?
2115228,Where can I find bookstores that specialize in mental health resources?
2009922,What resources are available for managing emotional challenges associated with chronic health issues?
2009922,Is there a program that can help me understand the connection between physical and mental health?
2009922,How can I access self-help materials for dealing with mild depression and anxiety?
2009922,Are there practical strategies I can use to cope with my health condition?
2009922,What should I do if I need one-on-one support for my mental health?
6167248,How can I determine if my substance use is problematic?
6167248,What resources can I access to understand my substance use better?
6167248,Are there workbooks available to help me evaluate my relationship with substances?
6167248,What support services are available for someone struggling with substance use?
6167248,How can I find tips to reduce or quit using substances?
6779222,How do I find out if my MSP covers counselling services?
6779222,What local organizations can help me with mental health referrals?
6779222,Are there affordable counselling options available in my area?
6779222,What should I do if I don’t have a doctor’s referral for mental health services?
6779222,How can I determine if my workplace offers mental health benefits?
1546812,What is Plan G for medications?
1546812,How do I apply for medication coverage?
1546812,Who can help me with the application process?
1546812,Is there a limit on how long I can receive coverage?
1546812,What should I do if I need to reapply for coverage?
2176317,What types of mental health services are covered by MSP?
2176317,Are there options if I need to see a private practitioner?
2176317,How can workplace benefits help with mental health costs?
2176317,What resources are available for students seeking mental health care?
2176317,What should I do if I can't afford mental health services?
3284724,What categories exist for income assistance in the province?
3284724,How does mental illness affect my eligibility for benefits?
3284724,Can you explain the differences between PWD and PPMB benefits?
3284724,Where can I find guidance on the application process for these benefits?
3284724,Is there help available for appeals regarding income assistance applications?
5981663,How does MSP work for mental health services?
5981663,What costs are covered by the Medical Services Plan?
5981663,How do I enroll in MSP if I'm new to BC?
5981663,What should I bring to medical appointments under MSP?
5981663,Is there a wait time for MSP coverage after moving to BC?
6623577,How does a referral process work in mental health care?
6623577,What are the criteria needed for specialist access?
6623577,What happens after my doctor refers me to a specialist?
6623577,Can I see a mental health professional without a referral?
6623577,What should I do if I want to self-refer for mental health services?
6851366,How can I find a psychiatrist who will cover my fees?
6851366,What qualifications do registered psychologists have?
6851366,Do I need a referral to see a registered psychologist?
6851366,What therapy approaches do psychiatrists typically use?
6851366,How do I determine which mental health professional is right for me?
1898078,How do I know if I need counselling or psychotherapy?
1898078,What kind of professionals provide these services?
1898078,Can talking to a therapist be more effective than talking to friends?
1898078,What are some common therapies used in psychotherapy?
1898078,What should I consider when choosing a therapist?
1706961,How do CBT and DBT differ in their approaches to therapy?
1706961,What specific skills does CBT teach to help with mental health challenges?
1706961,Can you explain how DBT helps with emotional regulation?
1706961,What role do relationships play in DBT compared to CBT?
1706961,How long does it typically take to see benefits from these therapies?
4925221,How do different classes of antidepressants affect neurotransmitters?
4925221,What are some common side effects of older antidepressants?
4925221,How can I tell which antidepressant is right for me?
4925221,Why might someone need to try multiple antidepressants?
4925221,Can antidepressants be used to treat conditions other than depression?
1043721,What should I say to the professional about my concerns?
1043721,How can I ask for a second opinion?
1043721,Is it common for people to seek second opinions in mental health?
1043721,What steps should I take if I want a referral to another professional?
1043721,Where can I find resources for managing my mental health diagnosis?
8471978,What should I discuss with my doctor about my medication not working?
8471978,How long does it usually take to feel the effects of antidepressants?
8471978,What should I do if I experience distressing side effects?
8471978,Is it safe to change my medication dosage without consulting a doctor?
8471978,How can I effectively communicate my symptoms to my healthcare provider?
2746837,How can I approach an adult who refuses to seek help for their mental health issues?
2746837,What should I do if my concerns about the person's behavior are not taken seriously?
2746837,Is it appropriate for me to encourage someone to take a self-test for their mental health?
2746837,What steps can I take to ensure that my relationship with the person remains intact while addressing my concerns?
2746837,When should I consider involving mental health professionals without the person's consent?
5640861,What should I do first if I’m worried about my child’s mental health?
5640861,How can I find a family doctor for my child?
5640861,Are there specialized services available if my child needs more help?
5640861,What role does my child’s school play in addressing mental health issues?
5640861,Where can I access resources for support beyond the family doctor?
3393534,What kinds of mental health problems can arise from a brain injury?
3393534,How can I cope with feelings of loss or frustration related to a brain injury?
3393534,Are there specific services for mental health issues linked to brain injuries?
3393534,Where can I find local support groups for brain injury and mental health?
3393534,What are the treatment options available for mental health challenges after a brain injury?
3839472,What are effective ways to show support to someone with depression?
3839472,How can I create a safe space for them to talk about their feelings?
3839472,What should I do if they are not ready to discuss their condition?
3839472,How can I help without giving unsolicited advice?
3839472,What resources are available for me as a supporter of someone with depression?
3055896,What are effective ways to support someone with schizophrenia?
3055896,How can I learn more about schizophrenia and its symptoms?
3055896,What should I do if my loved one is reluctant to talk about their experiences?
3055896,How can I encourage my loved one to follow their treatment plan?
3055896,What resources are available for me as a caregiver to maintain my well-being?
4200873,What steps can I take to support myself in this situation?
4200873,Where can I find information about my parent's mental health condition?
4200873,How can I cope with the mixed feelings I have about my parent?
4200873,Are there support groups specifically for young people like me?
4200873,Who should I reach out to if I need someone to talk to?
1337085,What should I do if I have suicidal thoughts?
1337085,How can I help someone who is considering suicide?
1337085,Is it necessary to call 911 if someone is in danger?
1337085,Where can I find more information about coping with suicidal thoughts?
1337085,What support resources are available for different communities regarding suicide?
2447683,What are the potential benefits and risks of cannabis use for young adults?
2447683,How can I differentiate between healthy and harmful cannabis use?
2447683,What should I communicate to my young adult about cannabis legalization?
2447683,"How can cannabis use impact mental health, especially in young people?"
2447683,What steps can I take to maintain an open dialogue with my child regarding drug use?
7995219,How does everyone experience mental health challenges?
7995219,What determines if someone has good or poor mental health?
7995219,Can mental health improve without a mental illness diagnosis?
7995219,What are the different aspects of mental well-being?
7995219,How can someone cope well despite mental health issues?
2903196,What materials do you have about mood disorders?
2903196,Is there a self-test available for depression?
2903196,How can I learn more about managing depression effectively?
2903196,Where can I find personal stories about experiences with depression?
2903196,What resources are available for bipolar disorder?
4893447,How can I tell if my feelings fit normal anxiety or an anxiety disorder?
4893447,What are some common physical symptoms of anxiety disorders?
4893447,What should I do if anxiety is preventing me from everyday activities?
4893447,Why do some people experience anxiety without obvious triggers?
4893447,How can I find effective treatment for my anxiety issues?
8612349,How do I know if I'm experiencing stress or anxiety?
8612349,What are common triggers for stress compared to anxiety?
8612349,Can stress turn into anxiety over time?
8612349,What symptoms should I look for to identify stress?
8612349,When does anxiety become a problem for daily life?
6062232,How can I tell if I'm experiencing sadness or a depressive disorder?
6062232,What are some signs that I might be dealing with depression?
6062232,What impact does depression have on everyday life and relationships?
6062232,Are there different types of depression that I should be aware of?
6062232,What steps should I take if I think I may be suffering from depression?
9045344,How does persistent depressive disorder differ from major depressive disorder?
9045344,What are the symptoms associated with persistent depressive disorder?
9045344,Can persistent depressive disorder be effectively treated?
9045344,Why do people think PDD is just part of their personality?
9045344,What should I do if I suspect I have persistent depressive disorder?
9020440,How does cyclothymic disorder differ from bipolar disorder?
9020440,What are the symptoms associated with hypomania?
9020440,Can someone feel normal between mood episodes?
9020440,What should I do if I suspect I have cyclothymic disorder?
9020440,How can a mental health professional help me with this condition?
5819325,How many episodes are considered rapid cycling?
5819325,Is rapid cycling common among bipolar patients?
5819325,Can rapid cycling resolve without treatment?
5819325,What conditions can lead to rapid cycling?
5819325,Does rapid cycling indicate a more severe form of bipolar disorder?
4816493,What are the main symptoms associated with borderline personality disorder?
4816493,What resources are available for support and treatment of BPD?
4816493,Can you tell me more about the Visions Journal issue on BPD?
4816493,How does dialectical behaviour therapy work for people with BPD?
4816493,What books do you recommend for understanding borderline personality disorder?
9178453,How does schizoid personality disorder affect social interactions?
9178453,What are the common symptoms of schizoid personality disorder?
9178453,How is schizoid personality disorder different from schizophrenia?
9178453,What treatment options are available for people with schizoid personality disorder?
9178453,What should I do if I think I have schizoid personality disorder?
9679704,How does antisocial personality disorder impact someone's behavior toward others?
9679704,What are the typical signs or traits of someone with ASPD?
9679704,Is there a way to treat antisocial personality disorder effectively?
9679704,At what age can someone be diagnosed with antisocial personality disorder?
9679704,What steps can I take to seek help for someone showing signs of ASPD?
9167296,How does obsessive-compulsive personality disorder affect relationships?
9167296,What are some common signs of obsessive-compulsive personality disorder?
9167296,How is obsessive-compulsive personality disorder different from obsessive-compulsive disorder?
9167296,What kind of treatment options are available for someone with OCPD?
9167296,Why do people with OCPD struggle to delegate tasks?
9049618,How can I identify if I have binge-eating disorder?
9049618,What emotions are commonly felt after binge eating episodes?
9049618,What are the long-term effects of binge-eating disorder?
9049618,Is it common for people with this disorder to keep it a secret?
9049618,What treatment options are available for binge-eating disorder?
7984793,How does dissociative identity disorder affect a person's identity perception?
7984793,What symptoms are common in schizophrenia compared to dissociative identity disorder?
7984793,"Can someone with DID have memory gaps, and how does that work?"
7984793,What are the misconceptions about dissociative identity disorder from media portrayals?
7984793,How is the diagnosis process for dissociative identity disorder typically handled?
6085633,What are the major symptoms of experiencing psychosis?
6085633,Can delusions vary in nature and how are they recognized?
6085633,What other illnesses can lead to symptoms of psychosis?
6085633,How can stress or trauma contribute to a psychotic episode?
6085633,What treatment options are available for psychosis and schizophrenia?
1896541,Can you explain the difference between positive and negative symptoms?
1896541,What are some examples of positive symptoms in schizophrenia?
1896541,How do negative symptoms impact daily life?
1896541,What are cognitive symptoms and how do they relate to schizophrenia?
1896541,Are there therapies available for managing these symptoms?
4962901,What are common signs that indicate a prodrome may be starting?
4962901,How can I differentiate between a prodrome and another mental health issue?
4962901,Why is early treatment important for conditions like psychosis and schizophrenia?
4962901,What should I do if I notice prodrome symptoms in myself or someone else?
4962901,Can prodromal symptoms be managed effectively before full psychosis develops?
6869967,What are the symptoms of ADHD in adults?
6869967,How can my family doctor help with ADHD diagnosis?
6869967,Are there specific treatments available for adult ADHD?
6869967,Can you recommend any useful resources for learning about adult ADHD?
6869967,What support options are available for adults with ADHD?
4824231,How should I define addiction in my own life?
4824231,What are the different ways people use substances?
4824231,Can some level of substance use be considered beneficial?
4824231,What factors determine if substance use becomes problematic?
4824231,How can I be more aware of my reasons for using substances?
4294616,What are some self-help materials for substance use issues?
4294616,How do I talk to my doctor about my substance use concerns?
4294616,What kind of support options are available for substance use?
4294616,Are there any confidential services for drug-related advice?
4294616,What factors should I consider when seeking help for drugs or alcohol?
4373204,What are the signs that indicate I might be drinking excessively?
4373204,How can I evaluate my personal relationship with alcohol?
4373204,What factors should I consider when thinking about the risks of my alcohol use?
4373204,What steps can I take to ensure my drinking is safe and healthy?
4373204,Are there resources available for understanding substance use better?
7807643,What are the cancer risks associated with cannabis compared to tobacco?
7807643,How does cannabis affect the brain in comparison to alcohol?
7807643,What regulations are being put in place to protect cannabis users?
7807643,What are the dangers of accessing cannabis outside the legal market?
7807643,How can communities have productive conversations about drug use?
4352464,What skills can I help my child develop to make better choices about drugs?
4352464,How can I encourage my child to share their thoughts on drug use?
4352464,Why is it important to discuss drugs with young people as they approach adulthood?
4352464,What are some natural moments to bring up the topic of alcohol and drugs?
4352464,How can I support my child in developing critical thinking skills related to substance use?
6521784,How does CBD work in the body to produce effects?
6521784,What medical conditions can CBD oil help treat?
6521784,Is CBD oil safe to use with other medications?
6521784,What evidence supports CBD's effectiveness for anxiety and pain?
6521784,Can CBD oil be beneficial for neurological conditions like Alzheimer's?
3221856,What are the main components of a vaping device and how do they work?
3221856,Can you explain the differences between vaping and smoking cigarettes in terms of health risks?
3221856,How does vaping affect young people differently compared to adults?
3221856,What should I be aware of regarding the nicotine content in vaping liquids?
3221856,Why is it important to discuss vaping with young people and how can we approach it?
